{
  "vars": {
    "offer": {
      "type": "text",
      "value": "2u50",
      "name": "Oferta",
      "optional": true
    },
    "customizedOffer": {
      "type": "image",
      "value": "",
      "name": "Oferta personalizada",
      "optional": true
    },
    "background": {
      "type": "text",
      "value": "per",
      "name": "Marco",
      "optional": true
    },
    "customizedBackground": {
      "type": "image",
      "value": "",
      "name": "Marco personalizado",
      "optional": true
    },
    "image":{
      "type": "image",
      "value": "assets/nivea2.png",
      "name": "Imagen del producto",
      "opcional": false
    },
    "title": {
      "type": "text",
      "value": "Nivea",
      "name": "Titulo",
      "optional": false
    },
    "description": {
      "type": "text",
      "value": "Antiarruges Q10 \n Sèrum Pearls",
      "name": "Descripción",
      "optional": false
    },
    "pricedescription": {
      "type": "text",
      "value": "Abans a 20.00€/ Ara:",
      "name": "Descripción del precio",
      "optional": true
    },
    "price": {
      "type": "text",
      "value": "12,95€",
      "name": "Precio",
      "optional": false
    },
    "information": {
      "type": "text",
      "value": "*El descompte es farà sobre la unitat de menor import",
      "name": "Información",
      "optional": true    
    }
  },
  "config": {
    "tplBaseVersion": 3,
    "type": "template",
    "title": "LaBalear-template",
    "duration": 35,
    "defaultPreviewOrientation": "portrait",
    "responsive": true,
    "scaledPreview": true
  }
}
